team,hitter_name,hitter_id
Athletics,Alika Williams,675961
Athletics,Brian Serven,661531
Athletics,Carlos Cortes,666126
Athletics,Darell Hernaiz,687231
Athletics,Denzel Clarke,672016
Athletics,Donovan Walton,622268
Athletics,Henry Bolte,703607
Athletics,Jeff McNeil,643446
Athletics,Jonah Heim,641680
Athletics,Lawrence Butler,671732
Athletics,Max Muncy,691777
Athletics,Michael Stefanic,683021
Athletics,Tommy White,695720
Athletics,Zack Gelof,680869
Atlanta Braves,Austin Riley,663586
Atlanta Braves,Brewer Hicklen,676551
Atlanta Braves,Dominic Smith,642086
Atlanta Braves,Drake Baldwin,686948
Atlanta Braves,Ha-Seong Kim,673490
Atlanta Braves,Kyle Farmer,571657
Atlanta Braves,Lane Thomas,657041
Atlanta Braves,Matt Olson,621566
Atlanta Braves,Mauricio Dubón,643289
Atlanta Braves,Michael Harris II,671739
Atlanta Braves,Mike Yastrzemski,573262
Atlanta Braves,Ozzie Albies,645277
Atlanta Braves,Ronald Acuña Jr.,660670
Atlanta Braves,Sean Murphy,669221
Baltimore Orioles,Blaze Alexander,677942
Baltimore Orioles,Carlos Narváez,665966
Baltimore Orioles,Christian Encarnacion-Strand,687952
Baltimore Orioles,Coby Mayo,691723
Baltimore Orioles,Colton Cowser,681297
Baltimore Orioles,Dylan Beavers,687637
Baltimore Orioles,Gunnar Henderson,683002
Baltimore Orioles,Heston Kjerstad,677008
Baltimore Orioles,Jackson Holliday,702616
Baltimore Orioles,Leody Taveras,665750
Baltimore Orioles,Pete Alonso,624413
Baltimore Orioles,Rece Hinds,677956
Baltimore Orioles,Samuel Basallo,694212
Baltimore Orioles,Yohel Pozo,650968
Chicago Cubs,Alex Bregman,608324
Chicago Cubs,BJ Murray Jr.,681230
Chicago Cubs,Carson Kelly,608348
Chicago Cubs,Gabriel Arias,672356
Chicago Cubs,Ian Happ,664023
Chicago Cubs,Matt Shaw,807713
Chicago Cubs,Michael Busch,683737
Chicago Cubs,Michael Conforto,624424
Chicago Cubs,Miguel Amaya,665804
Chicago Cubs,Nico Hoerner,663538
Chicago Cubs,Pedro Ramírez,699393
Chicago Cubs,Pete Crow-Armstrong,691718
Chicago Cubs,Seiya Suzuki,673548
Chicago Cubs,Tyrone Taylor,621438
Cleveland Guardians,Angel Genao,694197
Cleveland Guardians,Angel Martínez,682657
Cleveland Guardians,Austin Hedges,595978
Cleveland Guardians,Brayan Rocchio,677587
Cleveland Guardians,Chase DeLauter,800050
Cleveland Guardians,Daniel Schneemann,682177
Cleveland Guardians,David Fry,681807
Cleveland Guardians,Jo Adell,666176
Cleveland Guardians,José Ramírez,608070
Cleveland Guardians,Nathaniel Lowe,663993
Cleveland Guardians,Patrick Bailey,672275
Cleveland Guardians,Petey Halpin,690984
Cleveland Guardians,Steven Kwan,680757
Cleveland Guardians,Travis Bazzana,683953
Miami Marlins,Agustín Ramírez,682663
Miami Marlins,Brian Navarreto,640459
Miami Marlins,Deyvison De Los Santos,691277
Miami Marlins,Esteury Ruiz,665923
Miami Marlins,Graham Pauley,688363
Miami Marlins,Griffin Conine,665052
Miami Marlins,Heriberto Hernández,681715
Miami Marlins,Jakob Marsee,805300
Miami Marlins,Jared Serna,691858
Miami Marlins,Javier Sanoja,691594
Miami Marlins,Joe Mack,691788
Miami Marlins,Kyle Stowers,669065
Miami Marlins,Otto Lopez,672640
Miami Marlins,Owen Caissie,683357
Milwaukee Brewers,Andrew Vaughn,683734
Milwaukee Brewers,Bo Naylor,666310
Milwaukee Brewers,Brice Turang,668930
Milwaukee Brewers,Christian Yelich,592885
Milwaukee Brewers,Cooper Pratt,806198
Milwaukee Brewers,David Hamilton,666152
Milwaukee Brewers,Garrett Mitchell,669003
Milwaukee Brewers,Gary Sánchez,596142
Milwaukee Brewers,Jackson Chourio,694192
Milwaukee Brewers,Jake Bauers,641343
Milwaukee Brewers,Joey Ortiz,687401
Milwaukee Brewers,Luis Lara,800325
Milwaukee Brewers,Sal Frelick,686217
Milwaukee Brewers,William Contreras,661388
New York Mets,A.J. Ewing,805999
New York Mets,Bo Bichette,666182
New York Mets,Brett Baty,683146
New York Mets,Carson Benge,701807
New York Mets,Christopher Morel,666624
New York Mets,Cristian Pache,665506
New York Mets,Francisco Alvarez,682626
New York Mets,Francisco Lindor,596019
New York Mets,Jared Young,676724
New York Mets,Juan Soto,665742
New York Mets,Luis Torrens,620443
New York Mets,Marcus Semien,543760
New York Mets,Mark Vientos,668901
New York Mets,Nick Morabito,703492
Philadelphia Phillies,Alec Bohm,664761
Philadelphia Phillies,Brandon Marsh,669016
Philadelphia Phillies,Bryan De La Cruz,650559
Philadelphia Phillies,Bryce Harper,547180
Philadelphia Phillies,Bryson Stott,681082
Philadelphia Phillies,Derek Hill,656537
Philadelphia Phillies,Edmundo Sosa,624641
Philadelphia Phillies,Garrett Stubbs,596117
Philadelphia Phillies,J.T. Realmuto,592663
Philadelphia Phillies,Justin Crawford,702222
Philadelphia Phillies,Kyle Schwarber,656941
Philadelphia Phillies,Luis Arraez,650333
Philadelphia Phillies,Rafael Marchán,665561
Philadelphia Phillies,Trea Turner,607208
San Diego Padres,Austin Hays,669720
San Diego Padres,Dustin Harris,687957
San Diego Padres,Ethan Salas,806956
San Diego Padres,Fernando Tatis Jr.,665487
San Diego Padres,Freddy Fermin,666023
San Diego Padres,Jackson Merrill,701538
San Diego Padres,Jake Cronenworth,630105
San Diego Padres,Jase Bowen,687749
San Diego Padres,Luis Campusano,669134
San Diego Padres,Manny Machado,592518
San Diego Padres,Samad Taylor,669392
San Diego Padres,Sung-Mun Song,823550
San Diego Padres,Ty France,664034
San Diego Padres,Xander Bogaerts,593428
San Francisco Giants,Andrew Knizner,668800
San Francisco Giants,Bryce Eldridge,805811
San Francisco Giants,Christian Koss,683766
San Francisco Giants,Drew Cavanaugh,701852
San Francisco Giants,Drew Gilbert,687551
San Francisco Giants,Grant McCray,687529
San Francisco Giants,Jonah Cox,813841
San Francisco Giants,Jung Hoo Lee,808982
San Francisco Giants,Nate Furman,801501
San Francisco Giants,Osleivis Basabe,678545
San Francisco Giants,Rafael Devers,646240
San Francisco Giants,Shay Whitcomb,694376
San Francisco Giants,Turner Hill,806367
San Francisco Giants,Zach Morgan,681439
St. Louis Cardinals,Alec Burleson,676475
St. Louis Cardinals,Bryan Torres,663494
St. Louis Cardinals,César Prieto,693409
St. Louis Cardinals,Iván Herrera,671056
St. Louis Cardinals,Jordan Walker,691023
St. Louis Cardinals,Joshua Báez,695491
St. Louis Cardinals,José Fermín,665877
St. Louis Cardinals,Leo Bernal,699024
St. Louis Cardinals,Nathan Church,701675
St. Louis Cardinals,Nolan Gorman,669357
St. Louis Cardinals,Pedro Pagés,686780
St. Louis Cardinals,Ramón Urías,602104
St. Louis Cardinals,Thomas Saggese,695336
St. Louis Cardinals,Victor Scott II,687363
Toronto Blue Jays,Alejandro Kirk,672386
Toronto Blue Jays,Andrés Giménez,665926
Toronto Blue Jays,Brandon Valenzuela,678218
Toronto Blue Jays,Brett Bateman,703520
Toronto Blue Jays,Charles McAdoo,807727
Toronto Blue Jays,Ernie Clement,676391
Toronto Blue Jays,George Springer,543807
Toronto Blue Jays,Jesús Sánchez,660821
Toronto Blue Jays,Josh Smith,669701
Toronto Blue Jays,Kazuma Okamoto,672960
Toronto Blue Jays,Myles Straw,664702
Toronto Blue Jays,Nathan Lukes,664770
Toronto Blue Jays,Sean Keys,815873
Toronto Blue Jays,Vladimir Guerrero Jr.,665489
Washington Nationals,Abimelec Ortiz,694673
Washington Nationals,Andrés Chaparro,665953
Washington Nationals,Brady House,691781
Washington Nationals,CJ Abrams,682928
Washington Nationals,Daylen Lile,695734
Washington Nationals,Dylan Crews,686611
Washington Nationals,Harry Ford,695670
Washington Nationals,Jacob Young,696285
Washington Nationals,James Wood,695578
Washington Nationals,Jorbit Vivas,678391
Washington Nationals,José Tena,677588
Washington Nationals,Keibert Ruiz,660688
Washington Nationals,Nasim Nuñez,683083
Washington Nationals,Yohandy Morales,691002
